<?xml version="1.0" encoding="UTF-8"?>
<metadata xml:lang="pl"><Esri><CreaDate>20190626</CreaDate><CreaTime>20584800</CreaTime><ArcGISFormat>1.0</ArcGISFormat><SyncOnce>TRUE</SyncOnce><DataProperties><lineage><Process ToolSource="c:\program files\arcgis\pro\Resources\ArcToolbox\Toolboxes\Data Management Tools.tbx\Rename" Date="20190626" Time="205848">Rename "C:\Users\Aga\Dropbox\ArcGIS_crime_anal\dane\Oficjalne osiedla i dzielnic\F07_JEDN_URBAN_polyg.shp" "C:\Users\Aga\Dropbox\ArcGIS_crime_anal\dane\Oficjalne osiedla i dzielnic\osiedla.shp" ShapeFile</Process></lineage></DataProperties></Esri></metadata>
